,Class,Incident #,Crime,Date_Time,Address,Accuracy,Agency,geoAddress,latitude,longitude
0,Motor Vehicle Theft,230200294,Vc 10851,02/07/2023 01:24 PM,5xx N Turner Av,Address,Ontario Police Department (Ca),"Turner Avenue, Creekside, Ontario, San Bernardino County, CAL Fire Southern Region, California, 91752, United States",34.0119087,-117.5845244
1,Motor Vehicle Theft,230200282,Vc 10851,02/07/2023 10:05 AM,30xx E Inland,Address,Ontario Police Department (Ca),"East Inland Empire Street, Ontario, San Bernardino County, California, 91743, United States",34.0703147,-117.6005039
2,Theft,230200277,Pc 487,02/07/2023 08:10 AM,S Manitoba Pl/la Avenida Dr,Address,Ontario Police Department (Ca),"Manitoba Place, Ontario, San Bernardino County, CAL Fire Southern Region, California, 91752, United States",34.0027227,-117.5888693
3,Assault - Aggravated,230200265,Pc 273.5,02/06/2023 07:26 PM,9xx W Pinyon Ct,Address,Ontario Police Department (Ca),"Pinyon Court, Ontario, San Bernardino County, California, 91762, United States",34.06473855,-117.6669130996751
4,Theft,230200254,Pc 484(a),02/06/2023 02:05 PM,3xx W Francis St,Address,Ontario Police Department (Ca),"300, West Francis Street, Ontario, San Bernardino County, California, 91762, United States",34.04114291947879,-117.65342730364084
5,Theft,230200253,Pc 484(a),02/06/2023 01:49 PM,29xx E Airport Dr,Address,Ontario Police Department (Ca),"Terminal 4, 2900, East Airport Drive, Guasti, Ontario, San Bernardino County, California, 91761, United States",34.0603486,-117.58667396935958
6,Motor Vehicle Theft,230200244,Vc 10851,02/06/2023 11:43 AM,8xx N San Diego Av,Address,Ontario Police Department (Ca),"800, North San Diego Avenue, Ontario, San Bernardino County, California, 91764, United States",34.07301,-117.612114
7,Theft,230200250,Pc 484(a),02/06/2023 10:36 AM,28xx E Inland,Address,Ontario Police Department (Ca),"East Inland Empire Street, Ontario, San Bernardino County, California, 91743, United States",34.0703147,-117.6005039
8,Sexual Assault,230200230,Pc 261,02/06/2023 08:18 AM,18xx E Riverside Dr,Address,Ontario Police Department (Ca),"East Riverside Drive, Ontario, San Bernardino County, California, 91752, United States",34.018895,-117.5589363
9,Motor Vehicle Theft,230200226,Vc 10851,02/06/2023 06:30 AM,39xx E Philadelphia St,Address,Ontario Police Department (Ca),"3900, East Philadelphia Street, Champagne, Ontario, San Bernardino County, California, 91761, United States",34.0342802,-117.567477
10,Motor Vehicle Theft,230200221,Stn-rec,02/05/2023 10:56 PM,25xx E Airport Dr,Address,Ontario Police Department (Ca),"Terminal 2, 2500, East Airport Drive, Ontario, San Bernardino County, California, 91761, United States",34.060352550000005,-117.59683826395027
11,Theft,230205009,Pc 487,02/05/2023 09:59 PM,X E Mills,Address,Ontario Police Department (Ca),,,
12,Motor Vehicle Theft,230200212,Out Recov,02/05/2023 03:31 PM,N Euclid Av/e H St,Address,Ontario Police Department (Ca),"North Euclid Avenue, Ontario, San Bernardino County, California, 91785, United States",34.0869441,-117.6508964
13,Motor Vehicle Theft,230200202,Vc 10851,02/05/2023 11:04 AM,13xx W 5th St,Address,Ontario Police Department (Ca),"1300, West 5th Street, Ontario, CAL Fire San Bernardino Unit, CAL Fire Southern Region, California, 91762, United States",34.081574,-117.674959
14,Motor Vehicle Theft,230200190,Out Recov,02/05/2023 03:22 AM,8xx E Elma St,Address,Ontario Police Department (Ca),"Elma Street, Ontario, San Bernardino County, California, 91764, United States",34.0661574,-117.6342625
15,Assault - Aggravated,230200183,Pc 273.5,02/04/2023 10:59 PM,6xx W Belmont St,Address,Ontario Police Department (Ca),"600, West Belmont Street, Ontario, San Bernardino County, California, 91762, United States",34.051521,-117.658372
16,Motor Vehicle Theft,230200172,Out Recov,02/04/2023 07:08 PM,5xx N Euclid Av,Address,Ontario Police Department (Ca),"500, North Euclid Avenue, Ontario, San Bernardino County, California, 91762, United States",34.068356,-117.650762
17,Theft,230200162,Pc 487,02/04/2023 01:26 PM,29xx S Euclid Av,Address,Ontario Police Department (Ca),"South Euclid Avenue, Ontario, San Bernardino County, CAL Fire Southern Region, California, 91782, United States",34.0441401,-117.6507543
18,Motor Vehicle Theft,230200160,Vc 10851,02/04/2023 11:27 AM,17xx E D St,Address,Ontario Police Department (Ca),,,
19,Motor Vehicle Theft,230200158,Vc 10851,02/04/2023 10:10 AM,12xx W 4th St,Address,Ontario Police Department (Ca),"1200, West 4th Street, Ontario, San Bernardino County, California, 91762, United States",34.077944,-117.67096913131313
20,Theft,230205011,Pc 484(a),02/04/2023 07:59 AM,47xx S Brahma,Intersection,Ontario Police Department (Ca),,,
21,Assault - Aggravated,230200149,Pc 245,02/04/2023 12:20 AM,15xx W Holt,Address,Ontario Police Department (Ca),"1500, West Holt Boulevard, Ontario, San Bernardino County, California, 91762, United States",34.06337837230139,-117.67901106329111
22,Theft,230200145,Pc 487,02/03/2023 11:23 PM,135xx S Grove Av,Address,Ontario Police Department (Ca),"13500, South Grove Avenue, Ontario, CAL Fire San Bernardino Unit, CAL Fire Southern Region, California, 91761, United States",34.00856488427935,-117.62831228252674
23,Motor Vehicle Theft,230200130,Vc 10851,02/03/2023 07:46 PM,48xx E Mills,Address,Ontario Police Department (Ca),"Mills Circle, Ontario Mills, Ontario, San Bernardino County, CAL Fire Southern Region, California, 91743, United States",34.0729197,-117.5563456
24,Theft,230200129,Pc 484(a),02/03/2023 07:09 PM,47xx E Mills,Address,Ontario Police Department (Ca),,,
25,Motor Vehicle Theft,230200121,Out Recov,02/03/2023 03:39 PM,W 6th St/n Euclid Av,Address,Ontario Police Department (Ca),"West 6th Street, Ontario, San Bernardino County, California, 91762, United States",34.0851316,-117.6743229
26,Motor Vehicle Theft,230200101,Vc 10851,02/03/2023 11:00 AM,23xx S Sultana Av,Address,Ontario Police Department (Ca),"2300, South Sultana Avenue, Ontario, San Bernardino County, California, 91761, United States",34.031560804102504,-117.64598335325888
27,Motor Vehicle Theft,230200087,Out Recov,02/02/2023 08:14 PM,W Mission Bl/s Mountain Av,Address,Ontario Police Department (Ca),,,
28,Assault - Aggravated,230200079,Pc 273.5,02/02/2023 05:23 PM,8xx S Rockefeller Av,Address,Ontario Police Department (Ca),"Rockefeller Avenue, California Commerce Center, Ontario, San Bernardino County, California, 91743, United States",34.0609333,-117.5545914
29,Motor Vehicle Theft,230200076,Vc 10851,02/02/2023 03:15 PM,2xx N Vineyard Av,Address,Ontario Police Department (Ca),"200, North Vineyard Avenue, Ontario, San Bernardino County, California, 91764, United States",34.064767195217556,-117.6108812061638
30,Burglary - Commercial,230200067,Pc 459c,02/02/2023 11:13 AM,2xx S San Antonio Av,Address,Ontario Police Department (Ca),"200, South San Antonio Avenue, Ontario, San Bernardino County, California, 91762, United States",34.061995003650885,-117.66072002248404
31,Theft,230200065,Pc 487,02/02/2023 10:35 AM,7xx N San Antonio Av,Address,Ontario Police Department (Ca),"700, North San Antonio Avenue, Ontario, San Bernardino County, California, 91762, United States",34.071659,-117.660585
32,Theft,230200063,Pc 484(a),02/02/2023 09:30 AM,10xx E Ontario,Address,Ontario Police Department (Ca),,,
33,Theft,230200060,Pc 484(a),02/02/2023 09:00 AM,10xx E Philadelphia St,Address,Ontario Police Department (Ca),"1000, East Philadelphia Street, Ontario, San Bernardino County, California, 91761, United States",34.033841,-117.634637
34,Burglary - Commercial,230200053,Pc 459,02/02/2023 06:38 AM,S Hamner Av So Riverside Dr,Address,Ontario Police Department (Ca),,,
35,Theft,230200050,Pc 487,02/02/2023 06:27 AM,36xx E Peckham,Address,Ontario Police Department (Ca),,,
36,Sexual Assault,230200077,Pc 288(a),02/01/2023 11:00 PM,10xx W G St,Address,Ontario Police Department (Ca),"1000, West G Street, Ontario, San Bernardino County, California, 91762, United States",34.0706982510926,-117.66786800140173
37,Motor Vehicle Theft,230200040,Vc 10851,02/01/2023 07:35 PM,21xx E Convention Center Wy,Address,Ontario Police Department (Ca),,,
38,Motor Vehicle Theft,230200035,Stn-rec,02/01/2023 04:14 PM,19xx S Archibald Av,Address,Ontario Police Department (Ca),"1900, South Archibald Avenue, California Commerce Center South, Ontario, San Bernardino County, California, 91761, United States",34.039217656582395,-117.59333290594648
39,Burglary - Residential,230200034,Pc 459r,02/01/2023 03:27 PM,32xx E Midsummer,Address,Ontario Police Department (Ca),,,
40,Assault - Aggravated,230200031,Pc 245,02/01/2023 02:36 PM,13xx E 4th St,Address,Ontario Police Department (Ca),"4th Street, Ontario, San Bernardino County, California, 91764, United States",34.0776111,-117.6096631
41,Motor Vehicle Theft,230200030,Out Recov,02/01/2023 12:49 PM,216xx Martin St,Address,Ontario Police Department (Ca),,,
42,Assault - Aggravated,230200017,Pc 273.5,02/01/2023 09:35 AM,8xx E Nocta St,Address,Ontario Police Department (Ca),"Nocta Street, Ontario, San Bernardino County, California, 91764, United States",34.065277,-117.6228312
43,Sexual Assault,230200015,Pc 286,02/01/2023 08:45 AM,12xx N Euclid Av,Address,Ontario Police Department (Ca),"1200, North Euclid Avenue, Ontario, San Bernardino County, California, 91762, United States",34.079869,-117.650845
44,Motor Vehicle Theft,230200007,Vc 10851,02/01/2023 04:39 AM,13xx W 5th St,Address,Ontario Police Department (Ca),"1300, West 5th Street, Ontario, CAL Fire San Bernardino Unit, CAL Fire Southern Region, California, 91762, United States",34.081574,-117.674959
45,Assault - Aggravated,230101331,Pc 273.5,01/31/2023 09:02 PM,3xx W Maitland St,Address,Ontario Police Department (Ca),"300, West Maitland Street, Ontario, San Bernardino County, California, 91762, United States",34.053685,-117.653672
46,Sexual Assault,230200002,Pc 288,01/31/2023 08:12 PM,12xx E Princeton St,Address,Ontario Police Department (Ca),"1200, East Princeton Street, Ontario, San Bernardino County, California, 91764, United States",34.079727,-117.630622
47,Sexual Assault,230101322,Pc 288,01/31/2023 06:45 PM,25xx S Archibald Av,Address,Ontario Police Department (Ca),"2500, South Archibald Avenue, Creekside, Ontario, San Bernardino County, California, 91761, United States",34.02861275318123,-117.593305
48,Theft,230101316,Pc 487,01/31/2023 01:35 PM,34xx S Ontario Av,Address,Ontario Police Department (Ca),,,
49,Theft,230101314,Pc 484(a),01/31/2023 12:31 PM,12xx S Palmetto Av,Address,Ontario Police Department (Ca),"1200, South Palmetto Avenue, Ontario, San Bernardino County, California, 91762, United States",34.051018,-117.667726
50,Assault - Aggravated,230101284,Pc 273.5,01/30/2023 02:38 PM,2xx N Vineyard Av,Address,Ontario Police Department (Ca),"200, North Vineyard Avenue, Ontario, San Bernardino County, California, 91764, United States",34.064767195217556,-117.6108812061638
51,Theft,230105033,Pc 484(a),01/30/2023 01:43 PM,47xx E Mills,Address,Ontario Police Department (Ca),,,
52,Motor Vehicle Theft,230101280,Vc 10851,01/30/2023 01:18 PM,9xx W Philadelphia St,Address,Ontario Police Department (Ca),"900, West Philadelphia Street, Ontario, San Bernardino County, California, 91762, United States",34.03381842594781,-117.66550996690779
53,Theft,230105034,Pc 484(a),01/30/2023 10:29 AM,X E Mills,Address,Ontario Police Department (Ca),"Ontario Mills Parkway, Ontario, San Bernardino County, CAL Fire Southern Region, California, 91743, United States",34.0700244,-117.5506358
54,Burglary - Commercial,230101267,Pc 459c,01/30/2023 10:00 AM,21xx S Wineville Av,Address,Ontario Police Department (Ca),"Wineville Avenue, Ontario, San Bernardino County, California, 91743, United States",34.0584248,-117.541198
55,Theft,230101263,Pc 484(a),01/30/2023 09:00 AM,18xx E 4th St,Address,Ontario Police Department (Ca),,,
56,Burglary - Commercial,230101257,Pc 459c,01/30/2023 06:19 AM,"50xx E Ontario Mills, Pw",Address,Ontario Police Department (Ca),,,
57,Theft,230101256,Pc 484(a),01/30/2023 05:10 AM,12xx N Euclid Av,Address,Ontario Police Department (Ca),"1200, North Euclid Avenue, Ontario, San Bernardino County, California, 91762, United States",34.079869,-117.650845
58,Motor Vehicle Theft,230101253,Out Recov,01/30/2023 02:05 AM,18xx E Holt,Address,Ontario Police Department (Ca),,,
59,Theft,230101247,Pc 487,01/29/2023 10:03 PM,45xx E Mills,Address,Ontario Police Department (Ca),,,
60,Theft,230101241,Pc 487,01/29/2023 06:22 PM,44xx E Mills,Address,Ontario Police Department (Ca),,,
61,Burglary - Commercial,230101239,Pc 459,01/29/2023 04:55 PM,X E Mills,Address,Ontario Police Department (Ca),"Ontario Mills Parkway, Ontario, San Bernardino County, CAL Fire Southern Region, California, 91743, United States",34.0700244,-117.5506358
62,Motor Vehicle Theft,230101228,Vc 10851,01/29/2023 09:16 AM,16xx E 7th St,Address,Ontario Police Department (Ca),"1600, East 7th Street, Ontario, San Bernardino County, California, 91764, United States",34.088514,-117.619703
63,Motor Vehicle Theft,230101227,Vc 10851,01/29/2023 08:24 AM,11xx W Francis St,Address,Ontario Police Department (Ca),"1100, West Francis Street, Ontario, San Bernardino County, California, 91762, United States",34.041065,-117.670067
64,Motor Vehicle Theft,230101224,Out Recov,01/29/2023 02:19 AM,W Cedar St/s Holly Av,Address,Ontario Police Department (Ca),"West Cedar Street, Ontario, San Bernardino County, California, 91762, United States",34.0374583,-117.6536885
65,Theft,230101214,Pc 487,01/28/2023 08:33 PM,X E Mills,Address,Ontario Police Department (Ca),"Ontario Mills Parkway, Ontario, San Bernardino County, CAL Fire Southern Region, California, 91743, United States",34.0700244,-117.5506358
66,Motor Vehicle Theft,230101207,Vc 10851,01/28/2023 02:27 PM,14xx W Brooks St,Address,Ontario Police Department (Ca),"1400, West Brooks Street, Sunsweet, Ontario, San Bernardino County, California, 91762, United States",34.06197,-117.676615
67,Motor Vehicle Theft,230101205,Vc 10851,01/28/2023 02:04 PM,8th St/flower,Address,Ontario Police Department (Ca),"8th Street, North Ontario, Upland, San Bernardino County, California, 91786, United States",34.092496,-117.639201
68,Robbery - Commercial,230101203,Pc 211,01/28/2023 12:02 PM,3xx W Emporia St,Address,Ontario Police Department (Ca),"300, West Emporia Street, Ontario, San Bernardino County, California, 91762, United States",34.062035,-117.653713
69,Motor Vehicle Theft,230101197,Vc 10851,01/28/2023 09:53 AM,1xx N Benson Av,Address,Ontario Police Department (Ca),"100, North Benson Avenue, Ontario, CAL Fire San Bernardino Unit, CAL Fire Southern Region, California, 91786, United States",34.094944,-117.680828
70,Motor Vehicle Theft,230101195,Vc 10851,01/28/2023 09:30 AM,21xx S Cypress Av,Address,Ontario Police Department (Ca),"2100, South Cypress Avenue, Ontario, San Bernardino County, California, 91762, United States",34.036108147606605,-117.66343532655499
71,Motor Vehicle Theft,230101187,Out Recov,01/28/2023 12:21 AM,S Grove Av/e Mission Bl,Address,Ontario Police Department (Ca),"South Grove Avenue, Ontario, San Bernardino County, California, 91761, United States",34.0339608,-117.6284842
72,Sexual Assault,230101186,Pc 288,01/27/2023 06:55 PM,18xx S Palmetto Av,Address,Ontario Police Department (Ca),"1800, South Palmetto Avenue, Ontario, San Bernardino County, California, 91762, United States",34.040862,-117.667821
73,Motor Vehicle Theft,230101170,Out Recov,01/27/2023 04:29 PM,S Grove Av/e Philadelphia St,Address,Ontario Police Department (Ca),"South Grove Avenue, Ontario, San Bernardino County, California, 91761, United States",34.0339608,-117.6284842
74,Theft,230101166,Pc 484(a),01/27/2023 03:06 PM,47xx E Mills,Address,Ontario Police Department (Ca),,,
75,Arson,230101160,Pc 451,01/27/2023 01:40 PM,12xx N Euclid Av,Address,Ontario Police Department (Ca),"1200, North Euclid Avenue, Ontario, San Bernardino County, California, 91762, United States",34.079869,-117.650845
76,Theft,230101171,Pc 484(a),01/27/2023 11:49 AM,16xx S Euclid Av,Address,Ontario Police Department (Ca),"1600, South Euclid Avenue, Ontario, San Bernardino County, California, 91762, United States",34.044591,-117.651209
77,Theft,230101157,Pc 484(a),01/27/2023 11:47 AM,17xx E G St,Address,Ontario Police Department (Ca),,,
78,Theft,230101159,Pc 487,01/27/2023 10:42 AM,10xx S Cucamonga Av,Address,Ontario Police Department (Ca),"1000, South Cucamonga Avenue, Ontario, San Bernardino County, California, 91761, United States",34.053531,-117.632049
79,Motor Vehicle Theft,230101148,Vc 10851,01/27/2023 07:06 AM,4xx W Sunkist St,Address,Ontario Police Department (Ca),"400, West Sunkist Street, Ontario, San Bernardino County, California, 91762, United States",34.057982,-117.654871
80,Burglary - Commercial,230101144,Pc 459c,01/27/2023 01:37 AM,4xx N Mountain Av,Address,Ontario Police Department (Ca),"400, North Mountain Avenue, Ontario, San Bernardino County, California, 91762, United States",34.067079,-117.669958
81,Theft,230101133,Pc 484(a),01/26/2023 09:15 PM,4xx E Belmont St,Address,Ontario Police Department (Ca),"400, East Belmont Street, Ontario, San Bernardino County, California, 91761, United States",34.05138010297857,-117.64716612123105
82,Theft,230101127,Pc 487,01/26/2023 07:05 PM,31xx E Jurupa St,Address,Ontario Police Department (Ca),"3100, East Jurupa Street, Ontario, San Bernardino County, California, 91761, United States",34.048223,-117.583455
83,Theft,230101120,Pc 484(a),01/26/2023 06:44 PM,33xx E John Bangs Dr,Address,Ontario Police Department (Ca),,,
84,Theft,230101103,Pc 487,01/26/2023 12:44 PM,25xx S Archibald Av,Address,Ontario Police Department (Ca),"2500, South Archibald Avenue, Creekside, Ontario, San Bernardino County, California, 91761, United States",34.02861275318123,-117.593305
85,Theft,230101093,Pc 487,01/26/2023 10:22 AM,17xx E D St,Address,Ontario Police Department (Ca),,,
86,Burglary - Commercial,230101097,Pc 459,01/26/2023 10:18 AM,11xx E Philadelphia St,Address,Ontario Police Department (Ca),"1100, East Philadelphia Street, Ontario, San Bernardino County, California, 91761, United States",34.033855,-117.632714
87,Theft,230101092,Pc 487,01/26/2023 09:49 AM,19xx S Burgundy Pl,Address,Ontario Police Department (Ca),"Burgundy Place, Ontario, San Bernardino County, California, 91743, United States",34.0360361,-117.5496214
88,Motor Vehicle Theft,230101087,Vc 10851,01/26/2023 08:41 AM,47xx E Mills,Address,Ontario Police Department (Ca),,,
89,Motor Vehicle Theft,230101082,Out Recov,01/26/2023 04:49 AM,8xx E Monticello St,Address,Ontario Police Department (Ca),"800, East Monticello Street, Ontario, San Bernardino County, California, 91761, United States",34.03279,-117.638764
90,Theft,230101079,Pc 484(a),01/25/2023 11:22 PM,34xx E Shelby St,Address,Ontario Police Department (Ca),,,
91,Motor Vehicle Theft,230101078,Out Recov,01/25/2023 10:16 PM,E 8th St/n Vineyard Av,Address,Ontario Police Department (Ca),"8th Street, North Ontario, Upland, San Bernardino County, California, 91786, United States",34.092496,-117.639201
92,Theft,230105031,Pc 487,01/25/2023 06:21 PM,X E Mills,Address,Ontario Police Department (Ca),"Ontario Mills Parkway, Ontario, San Bernardino County, CAL Fire Southern Region, California, 91743, United States",34.0700244,-117.5506358
93,Theft,230101066,Pc 484(a),01/25/2023 12:02 PM,10xx E 6th St,Address,Ontario Police Department (Ca),"6th Street, Ontario, San Bernardino County, California, 91764, United States",34.0849002,-117.6159343
94,Theft,230101061,Pc 487,01/25/2023 10:37 AM,22xx S Vineyard Av,Address,Ontario Police Department (Ca),"2200, South Vineyard Avenue, Ontario, CAL Fire San Bernardino Unit, CAL Fire Southern Region, California, 91761, United States",34.033957,-117.611133
95,Robbery - Commercial,230101062,Pc 211,01/25/2023 10:34 AM,33xx E Concours St,Address,Ontario Police Department (Ca),,,
96,Burglary - Commercial,230101054,Pc 459,01/25/2023 08:32 AM,18xx E G St,Address,Ontario Police Department (Ca),,,
97,Assault - Aggravated,230101039,Pc 273.5,01/24/2023 09:33 PM,19xx S Campus Av,Address,Ontario Police Department (Ca),"1900, South Campus Avenue, Ontario, San Bernardino County, California, 91761, United States",34.04015069059652,-117.64169085860438
98,Theft,230101041,Pc 487,01/24/2023 09:07 PM,18xx E 4th St,Address,Ontario Police Department (Ca),,,
99,Motor Vehicle Theft,230101037,Out Recov,01/24/2023 08:04 PM,W Holt Bl/s San Antonio Av,Address,Ontario Police Department (Ca),,,
100,Theft,230101031,Pc 484(a),01/24/2023 05:03 PM,X E Mills,Address,Ontario Police Department (Ca),"Ontario Mills Parkway, Ontario, San Bernardino County, CAL Fire Southern Region, California, 91743, United States",34.0700244,-117.5506358
101,Theft,230101025,Pc 487,01/24/2023 03:24 PM,X E Mills,Address,Ontario Police Department (Ca),"Ontario Mills Parkway, Ontario, San Bernardino County, CAL Fire Southern Region, California, 91743, United States",34.0700244,-117.5506358
102,Motor Vehicle Theft,230101011,Out Recov,01/24/2023 09:35 AM,110xx Central Av,Address,Ontario Police Department (Ca),,,
103,Theft,230100998,Pc 484(a),01/24/2023 07:51 AM,25xx S Amador Pl,Address,Ontario Police Department (Ca),"Amador Place, Ontario, San Bernardino County, California, 91761, United States",34.0270332,-117.6277793
104,Burglary - Commercial,230100995,Pc 459c,01/24/2023 06:02 AM,7xx S Euclid Av,Address,Ontario Police Department (Ca),"700, South Euclid Avenue, Ontario, San Bernardino County, California, 91762, United States",34.056711,-117.651272
105,Motor Vehicle Theft,230100986,Vc 10851,01/24/2023 12:23 AM,E California St/s Hope Av,Address,Ontario Police Department (Ca),"East California Street, Ontario, San Bernardino County, California, 91761, United States",34.0557597,-117.6402531
106,Motor Vehicle Theft,230100991,Vc 10851,01/23/2023 11:06 PM,21xx E Convention Center Wy,Address,Ontario Police Department (Ca),,,
107,Theft,230100980,Pc 484(a),01/23/2023 09:22 PM,11xx E Philadelphia St,Address,Ontario Police Department (Ca),"1100, East Philadelphia Street, Ontario, San Bernardino County, California, 91761, United States",34.033855,-117.632714
108,Theft,230100976,Pc 487,01/23/2023 07:04 PM,9xx N Lake Av,Address,Ontario Police Department (Ca),"North Lake Avenue, Ontario, San Bernardino County, California, 91764, United States",34.0756326,-117.6220774
109,Theft,230100973,Pc 484(a),01/23/2023 06:34 PM,X E Mills,Address,Ontario Police Department (Ca),"Ontario Mills Parkway, Ontario, San Bernardino County, CAL Fire Southern Region, California, 91743, United States",34.0700244,-117.5506358
110,Burglary - Commercial,230100965,Pc 459,01/23/2023 03:21 PM,22xx S Euclid Av,Address,Ontario Police Department (Ca),"2200, South Euclid Avenue, Ontario, San Bernardino County, California, 91762, United States",34.033719,-117.651132
111,Sexual Assault,230100962,Pc 288(a),01/23/2023 01:07 PM,8xx E Woodlawn St,Address,Ontario Police Department (Ca),"Woodlawn Street, Ontario, San Bernardino County, California, 91761, United States",34.0497759,-117.6293542
112,Theft,230100958,Pc 487,01/23/2023 12:49 PM,X E Mills,Address,Ontario Police Department (Ca),"Ontario Mills Parkway, Ontario, San Bernardino County, CAL Fire Southern Region, California, 91743, United States",34.0700244,-117.5506358
113,Motor Vehicle Theft,230100952,Out Recov,01/23/2023 11:02 AM,E 8th St/n Vineyard Av,Address,Ontario Police Department (Ca),"8th Street, North Ontario, Upland, San Bernardino County, California, 91786, United States",34.092496,-117.639201
114,Theft,230100951,Pc 487,01/23/2023 09:57 AM,22xx S Vineyard Av,Address,Ontario Police Department (Ca),"2200, South Vineyard Avenue, Ontario, CAL Fire San Bernardino Unit, CAL Fire Southern Region, California, 91761, United States",34.033957,-117.611133
115,Motor Vehicle Theft,230100943,Vc 10851,01/23/2023 07:29 AM,26xx S Cedar Ridge Pl,Address,Ontario Police Department (Ca),"Cedar Ridge Place, Creekside, Ontario, San Bernardino County, California, 91743, United States",34.0210524,-117.5904951
116,Robbery - Commercial,230100938,Pc 211,01/23/2023 01:53 AM,21xx S Euclid Av,Address,Ontario Police Department (Ca),"2100, South Euclid Avenue, Ontario, San Bernardino County, California, 91762, United States",34.03562801010101,-117.65115922222222
117,Motor Vehicle Theft,230100934,Stn-rec,01/22/2023 11:47 PM,14xx E D St,Address,Ontario Police Department (Ca),"East D Street, North Ontario, Upland, San Bernardino County, California, 91786, United States",34.0984565,-117.6503073
118,Robbery - Commercial,230100929,Pc 211,01/22/2023 08:14 PM,22xx S Archibald Av,Address,Ontario Police Department (Ca),"2200, South Archibald Avenue, Ontario, San Bernardino County, California, 91761, United States",34.032539161616164,-117.593301
119,Theft,230100921,Pc 487,01/22/2023 06:17 PM,X E Mills,Address,Ontario Police Department (Ca),"Ontario Mills Parkway, Ontario, San Bernardino County, CAL Fire Southern Region, California, 91743, United States",34.0700244,-117.5506358
120,Motor Vehicle Theft,230100914,Out Recov,01/22/2023 02:59 PM,E B St/n Lemon Av,Address,Ontario Police Department (Ca),"East B Street, Ontario, San Bernardino County, California, 91764, United States",34.0646004,-117.650708
121,Motor Vehicle Theft,230100908,Out Recov,01/22/2023 11:24 AM,8xx E Woodlawn St,Address,Ontario Police Department (Ca),"Woodlawn Street, Ontario, San Bernardino County, California, 91761, United States",34.0497759,-117.6293542
122,Motor Vehicle Theft,230100905,Vc 10851,01/22/2023 10:36 AM,9xx N Humboldt Av,Address,Ontario Police Department (Ca),"900, North Humboldt Avenue, Ontario, San Bernardino County, California, 91764, United States",34.074489,-117.622954
123,Theft,230100904,Pc 487,01/22/2023 10:16 AM,15xx N Amber Ct,Address,Ontario Police Department (Ca),"1500, North Amber Court, Ontario, San Bernardino County, California, 91762, United States",34.085306,-117.659927
124,Motor Vehicle Theft,230100900,Vc 10851,01/22/2023 03:55 AM,45xx E Mills,Address,Ontario Police Department (Ca),,,
125,Assault - Aggravated,230100892,Pc 273.5,01/21/2023 07:36 PM,16xx E G St,Address,Ontario Police Department (Ca),,,
126,Homicide / Manslaughter,230100886,Pc 187,01/21/2023 05:35 PM,15xx E Mission,Address,Ontario Police Department (Ca),"Mission Boulevard, Ontario, San Bernardino County, California, 91782, United States",34.0550514,-117.6503773
127,Motor Vehicle Theft,230100874,Out Recov,01/21/2023 11:30 AM,18xx S Wineville Av,Address,Ontario Police Department (Ca),"Wineville Avenue, Ontario, San Bernardino County, California, 91743, United States",34.0584248,-117.541198
128,Burglary - Residential,230100873,Pc 459r,01/21/2023 09:46 AM,11xx W Tropicana Ct,Address,Ontario Police Department (Ca),"1100, West Tropicana Court, Ontario, San Bernardino County, California, 91762, United States",34.046738,-117.670473
129,Motor Vehicle Theft,230100868,Vc 10851,01/21/2023 07:22 AM,20xx S Cherry Av,Address,Ontario Police Department (Ca),"2000, South Cherry Avenue, Ontario, San Bernardino County, California, 91761, United States",34.036536,-117.647775
130,Assault - Aggravated,230100865,Pc 273.5,01/21/2023 01:46 AM,40xx E Guasti Rd,Address,Ontario Police Department (Ca),"4000, East Guasti Road, Old Guasti Winery, Guasti, Ontario, San Bernardino County, California, 91761, United States",34.06374102507556,-117.56991385392831
131,Assault - Aggravated,230100847,Pc 273.5,01/20/2023 06:25 PM,2xx N Vineyard Av,Address,Ontario Police Department (Ca),"200, North Vineyard Avenue, Ontario, San Bernardino County, California, 91764, United States",34.064767195217556,-117.6108812061638
132,Burglary - Commercial,230100835,Pc 459c,01/20/2023 02:18 PM,6xx S Milliken Av,Address,Ontario Police Department (Ca),"600, South Milliken Avenue, California Commerce Center, Ontario, San Bernardino County, California, 91761, United States",34.05814900502513,-117.55826729648241
133,Motor Vehicle Theft,230100822,Vc 10851,01/20/2023 12:22 PM,46xx E Guasti Rd,Address,Ontario Police Department (Ca),"East Guasti Road, Old Guasti Winery, Guasti, Ontario, San Bernardino County, California, 91743, United States",34.0657291,-117.5876646
134,Motor Vehicle Theft,230100821,Vc 10851,01/20/2023 12:19 PM,10xx N Ontario Mills Dr,Address,Ontario Police Department (Ca),"Ontario Mills Drive, Ontario Mills, Ontario, San Bernardino County, CAL Fire Southern Region, California, 91743, United States",34.070111,-117.5479092
135,Motor Vehicle Theft,230100816,Recovery,01/20/2023 10:45 AM,6xx N Dudley,Address,Ontario Police Department (Ca),,,
136,Motor Vehicle Theft,230100801,Vc 10851,01/19/2023 09:43 PM,14xx N Virginia Av,Address,Ontario Police Department (Ca),"1400, North Virginia Avenue, Ontario, San Bernardino County, California, 91764, United States",34.08352019936384,-117.63049622836719
137,Motor Vehicle Theft,230100798,Out Recov,01/19/2023 07:15 PM,E Concours Dr/e Mills Ci S,Address,Ontario Police Department (Ca),,,
138,Theft,230100789,Pc 484(a),01/19/2023 12:53 PM,5xx E F St,Address,Ontario Police Department (Ca),"500, East F Street, Ontario, San Bernardino County, California, 91764, United States",34.069384,-117.645943
139,Theft,230100785,Pc 484(a),01/19/2023 11:47 AM,24xx S Fern Av,Address,Ontario Police Department (Ca),"South Fern Avenue, Ontario, San Bernardino County, California, 91762, United States",34.0607326,-117.6547482
140,Motor Vehicle Theft,230100782,Out Recov,01/19/2023 11:30 AM,8xx E Ontario,Address,Ontario Police Department (Ca),,,
141,Arson,230100770,Pc 451,01/19/2023 09:24 AM,7xx N Archibald Av,Address,Ontario Police Department (Ca),"Archibald Avenue, Guasti, Ontario, San Bernardino County, California, 91743, United States",34.062443,-117.5932942
142,Theft,230100773,Pc 484(a),01/19/2023 09:00 AM,9xx W Brooks St,Address,Ontario Police Department (Ca),"900, West Brooks Street, Ontario, San Bernardino County, California, 91762, United States",34.062273442435554,-117.66248922087959
143,Motor Vehicle Theft,230100763,Vc 10851,01/19/2023 07:47 AM,21xx E Convention Center Wy,Address,Ontario Police Department (Ca),,,
144,Assault - Aggravated,230100756,Pc 273.5,01/18/2023 08:50 PM,E 6th St/n Grove Av,Address,Ontario Police Department (Ca),"6th Street, Ontario, San Bernardino County, California, 91764, United States",34.0849002,-117.6159343
145,Motor Vehicle Theft,230100757,Vc 10851,01/18/2023 08:23 PM,N Grove Av/e I St,Address,Ontario Police Department (Ca),"Grove Avenue, Ontario, San Bernardino County, California, 91761, United States",34.0799104,-117.6286285
146,Theft,230100754,Pc 484(a),01/18/2023 08:16 PM,17xx E D St,Address,Ontario Police Department (Ca),,,
147,Theft,230100752,Pc 487,01/18/2023 06:48 PM,44xx E Mills,Address,Ontario Police Department (Ca),,,
148,Theft,230105024,Pc 484(a),01/18/2023 04:53 PM,X E Mills,Address,Ontario Police Department (Ca),"Ontario Mills Parkway, Ontario, San Bernardino County, CAL Fire Southern Region, California, 91743, United States",34.0700244,-117.5506358
149,Theft,230100750,Pc 487,01/18/2023 04:49 PM,X E Mills,Address,Ontario Police Department (Ca),"Ontario Mills Parkway, Ontario, San Bernardino County, CAL Fire Southern Region, California, 91743, United States",34.0700244,-117.5506358
150,Theft,230100747,Pc 487,01/18/2023 04:12 PM,27xx E Airport Dr,Address,Ontario Police Department (Ca),"2700, East Airport Drive, Guasti, Ontario, San Bernardino County, California, 91761, United States",34.062629,-117.59333
151,Theft,230100744,Pc 484(a),01/18/2023 02:33 PM,12xx N Vineyard Av,Address,Ontario Police Department (Ca),"1200, North Vineyard Avenue, Ontario, San Bernardino County, California, 91764, United States",34.079532,-117.61098
152,Theft,230100745,Pc 484(a),01/18/2023 01:35 PM,11xx W Francis St,Address,Ontario Police Department (Ca),"1100, West Francis Street, Ontario, San Bernardino County, California, 91762, United States",34.041065,-117.670067
153,Burglary - Commercial,230100721,Pc 459,01/18/2023 08:18 AM,25xx E Lindsay,Address,Ontario Police Department (Ca),,,
154,Assault - Aggravated,230100698,Pc 273.5,01/17/2023 08:16 PM,1xx N Lemon Av,Address,Ontario Police Department (Ca),"100, North Lemon Avenue, Ontario, San Bernardino County, California, 91764, United States",34.063488,-117.649499
155,Motor Vehicle Theft,230100681,Vc 10851,01/17/2023 12:30 PM,9xx S Benson Av,Address,Ontario Police Department (Ca),"900, South Benson Avenue, Ontario, San Bernardino County, California, 91762, United States",34.053872051269366,-117.68088899626369
156,Theft,230100682,Pc 487,01/17/2023 11:52 AM,8xx S Rockefeller Av,Address,Ontario Police Department (Ca),"Rockefeller Avenue, California Commerce Center, Ontario, San Bernardino County, California, 91743, United States",34.0609333,-117.5545914
157,Theft,230100675,Pc 487,01/17/2023 09:38 AM,14xx S Auto Center Dr,Address,Ontario Police Department (Ca),"Auto Center Drive, California Commerce Center / Ontario Auto Center, Ontario, San Bernardino County, California, 91743, United States",34.0477975,-117.5450879
158,Theft,230100669,Pc 487,01/17/2023 09:03 AM,41xx E Inland,Address,Ontario Police Department (Ca),,,
159,Burglary - Commercial,230100668,Pc 459c,01/17/2023 07:05 AM,2xx S Fern Av,Address,Ontario Police Department (Ca),"200, South Fern Avenue, Ontario, San Bernardino County, California, 91762, United States",34.062555,-117.654837
160,Motor Vehicle Theft,230100667,Stn-rec,01/17/2023 06:27 AM,21xx S Cypress Av,Address,Ontario Police Department (Ca),"2100, South Cypress Avenue, Ontario, San Bernardino County, California, 91762, United States",34.036108147606605,-117.66343532655499
161,Burglary - Commercial,230100665,Pc 459c,01/17/2023 01:46 AM,10xx W 4th St,Address,Ontario Police Department (Ca),"1000, West 4th Street, Ontario, San Bernardino County, California, 91762, United States",34.077961,-117.667949
162,Theft,230100655,Pc 484(a),01/16/2023 05:48 PM,19xx S Monterey Av,Address,Ontario Police Department (Ca),"1900, South Monterey Avenue, Ontario, San Bernardino County, California, 91761, United States",34.038761,-117.644111
163,Theft,230100652,Pc 484(a),01/16/2023 05:32 PM,X E Mills,Address,Ontario Police Department (Ca),"Ontario Mills Parkway, Ontario, San Bernardino County, CAL Fire Southern Region, California, 91743, United States",34.0700244,-117.5506358
164,Motor Vehicle Theft,230100651,Vc 10851,01/16/2023 04:44 PM,23xx S Sultana Av,Address,Ontario Police Department (Ca),"2300, South Sultana Avenue, Ontario, San Bernardino County, California, 91761, United States",34.031560804102504,-117.64598335325888
165,Motor Vehicle Theft,230100648,Vc 10851,01/16/2023 03:35 PM,26xx E Date,Address,Ontario Police Department (Ca),,,
166,Motor Vehicle Theft,230100645,Vc 10851,01/16/2023 01:34 PM,6xx W Nocturne Ct,Address,Ontario Police Department (Ca),"600, West Nocturne Court, Ontario, San Bernardino County, California, 91762, United States",34.04192,-117.659519
167,Theft,230100642,Pc 484(a),01/16/2023 01:12 PM,X E Mills,Address,Ontario Police Department (Ca),"Ontario Mills Parkway, Ontario, San Bernardino County, CAL Fire Southern Region, California, 91743, United States",34.0700244,-117.5506358
168,Theft,230105020,Pc 487,01/16/2023 12:16 PM,2xx N Vineyard Av,Address,Ontario Police Department (Ca),"200, North Vineyard Avenue, Ontario, San Bernardino County, California, 91764, United States",34.064767195217556,-117.6108812061638
169,Theft,230105018,Pc 487,01/16/2023 10:28 AM,18xx E Tam O Shanter St,Address,Ontario Police Department (Ca),"1800, East Tam O'Shanter Street, Ontario, CAL Fire San Bernardino Unit, CAL Fire Southern Region, California, 91761, United States",34.02531274414494,-117.61285925810442
170,Theft,230100628,Pc 484(a),01/16/2023 09:47 AM,44xx E Airport Dr,Address,Ontario Police Department (Ca),"4400, East Airport Drive, California Commerce Center, Ontario, San Bernardino County, California, 91761, United States",34.062842095467346,-117.55742601150592
171,Motor Vehicle Theft,230100625,Out Recov,01/16/2023 08:52 AM,"44xx E Ontario Mills, Pw",Address,Ontario Police Department (Ca),,,
172,Motor Vehicle Theft,230100624,Vc 10851,01/16/2023 07:58 AM,4xx S Doubleday Av,Address,Ontario Police Department (Ca),"Doubleday Avenue, California Commerce Center, Ontario, San Bernardino County, California, 91743, United States",34.0581471,-117.5654819
173,Theft,230100620,Pc 487,01/16/2023 07:54 AM,19xx E Inland,Address,Ontario Police Department (Ca),"East Inland Empire Street, Ontario, San Bernardino County, California, 91743, United States",34.0703147,-117.6005039
174,Burglary - Commercial,230100619,Pc 459c,01/16/2023 07:19 AM,11xx W Mission,Address,Ontario Police Department (Ca),"1100, West Mission Boulevard, Ontario, San Bernardino County, California, 91761, United States",34.054867,-117.631788
175,Assault - Aggravated,230100618,Pc 246,01/16/2023 06:26 AM,13xx N Sultana Av,Address,Ontario Police Department (Ca),"1300, North Sultana Avenue, Ontario, CAL Fire San Bernardino Unit, CAL Fire Southern Region, California, 91764, United States",34.081697,-117.646039
176,Motor Vehicle Theft,230100616,Vc 10851,01/16/2023 01:30 AM,15xx W Holt,Address,Ontario Police Department (Ca),"1500, West Holt Boulevard, Ontario, San Bernardino County, California, 91762, United States",34.06337837230139,-117.67901106329111
177,Burglary - Commercial,230100617,Pc 459c,01/16/2023 12:41 AM,18xx S Milliken Av,Address,Ontario Police Department (Ca),"1800, South Milliken Avenue, Champagne, Ontario, San Bernardino County, California, 91761, United States",34.040669,-117.558396
178,Assault - Aggravated,230100604,Pc 245,01/15/2023 06:11 PM,7xx E J St,Address,Ontario Police Department (Ca),"700, East J Street, Ontario, San Bernardino County, California, 91764, United States",34.07606,-117.641261
179,Motor Vehicle Theft,230100598,Vc 10851,01/15/2023 04:59 PM,34xx E Airport Dr,Address,Ontario Police Department (Ca),"3400, East Airport Drive, Guasti, Ontario, San Bernardino County, California, 91761, United States",34.062704128203116,-117.57981484614888
180,Theft,230100597,Pc 487,01/15/2023 04:42 PM,S Euclid Av/e Mission Bl,Address,Ontario Police Department (Ca),"South Euclid Avenue, Ontario, San Bernardino County, CAL Fire Southern Region, California, 91782, United States",34.0441401,-117.6507543
181,Sexual Assault,230100600,Pc 288(a),01/15/2023 04:00 PM,2xx E E St,Address,Ontario Police Department (Ca),"200, East E Street, Ontario, San Bernardino County, California, 91764, United States",34.068153,-117.649488
182,Theft,230100589,Pc 487,01/15/2023 09:34 AM,6xx E Bonnie Brae Ct,Address,Ontario Police Department (Ca),"600, East Bonnie Brae Court, Ontario, San Bernardino County, California, 91764, United States",34.08241204634502,-117.64323080806776
183,Theft,230100586,Pc 484(a),01/15/2023 08:36 AM,6xx W Park St,Address,Ontario Police Department (Ca),"600, West Park Street, Ontario, San Bernardino County, California, 91762, United States",34.059039,-117.658399
184,Assault - Aggravated,230100581,Pc 273.5,01/15/2023 01:17 AM,1xx N Alpine Ct,Address,Ontario Police Department (Ca),"Alpine Court, Ontario, San Bernardino County, California, 91762, United States",34.0647032,-117.66595320662188
185,Motor Vehicle Theft,230100580,Out Recov,01/15/2023 12:31 AM,10xx W Holt,Address,Ontario Police Department (Ca),"West Holt Boulevard, Ontario, San Bernardino County, California, 91762, United States",34.0633485,-117.658386
186,Motor Vehicle Theft,230100574,Out Recov,01/14/2023 11:01 PM,S Archibald Av/e Philadelphia St,Address,Ontario Police Department (Ca),"South Archibald Avenue, Creekside, Ontario, San Bernardino County, California, 91743, United States",34.0288534,-117.5931324
187,Theft,230105017,Pc 484(a),01/14/2023 08:58 PM,X E Mills,Address,Ontario Police Department (Ca),"Ontario Mills Parkway, Ontario, San Bernardino County, CAL Fire Southern Region, California, 91743, United States",34.0700244,-117.5506358
188,Theft,230105016,Pc 484(a),01/14/2023 07:08 PM,12xx N Council Av,Address,Ontario Police Department (Ca),"1200, North Council Avenue, Ontario, San Bernardino County, California, 91764, United States",34.07992,-117.634315
189,Theft,230105015,Pc 487,01/14/2023 04:26 PM,35xx S Old Archibald Ranch Rd,Address,Ontario Police Department (Ca),"Old Archibald Ranch Road, Ontario, San Bernardino County, California, 91752, United States",34.0091482,-117.5882823
190,Motor Vehicle Theft,230100567,Vc 10851,01/14/2023 03:24 PM,4xx E I St,Address,Ontario Police Department (Ca),"I Street, Ontario, San Bernardino County, California, 91764, United States",34.0743355,-117.6356918
191,Burglary - Commercial,230100563,Pc 459,01/14/2023 12:36 PM,22xx S Grove Av,Address,Ontario Police Department (Ca),"2200, South Grove Avenue, Ontario, San Bernardino County, California, 91761, United States",34.033848,-117.628563
192,Assault - Aggravated,230100553,Pc 273.5,01/14/2023 03:15 AM,1xx N Palmetto Av,Address,Ontario Police Department (Ca),"100, North Palmetto Avenue, Ontario, San Bernardino County, California, 91762, United States",34.064446,-117.66855
193,Robbery - Commercial,230100545,Pc 211,01/13/2023 10:21 PM,E 8th St/n Grove Av,Address,Ontario Police Department (Ca),"8th Street, North Ontario, Upland, San Bernardino County, California, 91786, United States",34.092496,-117.639201
194,Theft,230100530,Pc 484(a),01/13/2023 03:34 PM,X E Mills,Address,Ontario Police Department (Ca),"Ontario Mills Parkway, Ontario, San Bernardino County, CAL Fire Southern Region, California, 91743, United States",34.0700244,-117.5506358
195,Arson,230100522,Pc 451,01/13/2023 01:36 PM,12xx N Euclid Av,Address,Ontario Police Department (Ca),"1200, North Euclid Avenue, Ontario, San Bernardino County, California, 91762, United States",34.079869,-117.650845
196,Theft,230100520,Pc 484(a),01/13/2023 12:37 PM,45xx E Jurupa St,Address,Ontario Police Department (Ca),"4500, East Jurupa Street, Ontario, San Bernardino County, California, 91761, United States",34.048072,-117.554949
197,Theft,230100513,Pc 487,01/13/2023 09:23 AM,11xx E Philadelphia St,Address,Ontario Police Department (Ca),"1100, East Philadelphia Street, Ontario, San Bernardino County, California, 91761, United States",34.033855,-117.632714
198,Burglary - Residential,230100510,Pc 459r,01/13/2023 07:42 AM,19xx E 5th St,Address,Ontario Police Department (Ca),"East 5th Street, Ontario, San Bernardino County, California, 91764, United States",34.0815933,-117.6414406
199,Theft,230100499,Pc 487,01/12/2023 06:49 PM,X E Mills,Address,Ontario Police Department (Ca),"Ontario Mills Parkway, Ontario, San Bernardino County, CAL Fire Southern Region, California, 91743, United States",34.0700244,-117.5506358
200,Motor Vehicle Theft,230100489,Out Recov,01/12/2023 02:24 PM,15xx S Bon View Av,Address,Ontario Police Department (Ca),"1500, South Bon View Avenue, Ontario, San Bernardino County, California, 91761, United States",34.04668215081252,-117.63739883043986
201,Assault - Aggravated,230100485,Pc 273.5,01/12/2023 01:39 PM,2xx N Vineyard Av,Address,Ontario Police Department (Ca),"200, North Vineyard Avenue, Ontario, San Bernardino County, California, 91764, United States",34.064767195217556,-117.6108812061638
202,Theft,230100486,Pc 487,01/12/2023 12:49 PM,X E Mills,Address,Ontario Police Department (Ca),"Ontario Mills Parkway, Ontario, San Bernardino County, CAL Fire Southern Region, California, 91743, United States",34.0700244,-117.5506358
203,Arson,230100480,Pc 451,01/12/2023 12:39 PM,12xx N Euclid Av,Address,Ontario Police Department (Ca),"1200, North Euclid Avenue, Ontario, San Bernardino County, California, 91762, United States",34.079869,-117.650845
204,Theft,230100494,Pc 484(a),01/12/2023 10:23 AM,15xx E Hazeltine St,Address,Ontario Police Department (Ca),"Hazeltine Street, Ontario, San Bernardino County, CAL Fire Southern Region, California, 91761, United States",34.0246032,-117.6195851
205,Motor Vehicle Theft,230100468,Vc 10851,01/12/2023 09:30 AM,34xx E Airport Dr,Address,Ontario Police Department (Ca),"3400, East Airport Drive, Guasti, Ontario, San Bernardino County, California, 91761, United States",34.062704128203116,-117.57981484614888
206,Motor Vehicle Theft,230100467,Vc 10851,01/12/2023 09:30 AM,34xx E Airport Dr,Address,Ontario Police Department (Ca),"3400, East Airport Drive, Guasti, Ontario, San Bernardino County, California, 91761, United States",34.062704128203116,-117.57981484614888
207,Robbery - Commercial,230100447,Pc 211,01/11/2023 03:33 PM,23xx S Grove Av,Address,Ontario Police Department (Ca),"2300, South Grove Avenue, Ontario, San Bernardino County, California, 91761, United States",34.03256669084937,-117.62855190106038
208,Theft,230100446,Pc 487,01/11/2023 02:17 PM,13xx N Mountain Av,Address,Ontario Police Department (Ca),"1300, North Mountain Avenue, Ontario, San Bernardino County, California, 91762, United States",34.081625,-117.670019
209,Theft,230105012,Pc 484(a),01/11/2023 12:08 PM,X E Mills,Address,Ontario Police Department (Ca),"Ontario Mills Parkway, Ontario, San Bernardino County, CAL Fire Southern Region, California, 91743, United States",34.0700244,-117.5506358
210,Burglary - Commercial,230100434,Pc 459,01/11/2023 11:05 AM,19xx E Harvard,Address,Ontario Police Department (Ca),,,
211,Assault - Aggravated,230100436,Pc 664-187,01/11/2023 09:59 AM,24xx S Marigold Pl,Address,Ontario Police Department (Ca),"2400, South Marigold Place, Ontario, San Bernardino County, California, 91761, United States",34.029421,-117.63114
212,Burglary - Commercial,230100430,Pc 459,01/11/2023 09:26 AM,10xx N Mountain Av,Address,Ontario Police Department (Ca),"1000, North Mountain Avenue, Ontario, San Bernardino County, California, 91762, United States",34.076169,-117.669999
213,Motor Vehicle Theft,230100424,Vc 10851,01/11/2023 07:53 AM,20xx S Cherry Av,Address,Ontario Police Department (Ca),"2000, South Cherry Avenue, Ontario, San Bernardino County, California, 91761, United States",34.036536,-117.647775
214,Motor Vehicle Theft,230100410,Out Recov,01/10/2023 08:35 PM,8xx N Mountain Av,Address,Ontario Police Department (Ca),"800, North Mountain Avenue, Ontario, San Bernardino County, California, 91762, United States",34.072536,-117.669986
215,Burglary - Commercial,230100409,Pc 459,01/10/2023 07:39 PM,35xx E Guasti Rd,Address,Ontario Police Department (Ca),"Guasti Road, Guasti, Ontario, San Bernardino County, California, 91743, United States",34.0646411,-117.5783044
216,Theft,230100404,Pc 487,01/10/2023 06:45 PM,43xx E Mills,Address,Ontario Police Department (Ca),,,
217,Burglary - Commercial,230100408,Pc 459c,01/10/2023 05:49 PM,3xx W Holt,Address,Ontario Police Department (Ca),"West Holt Boulevard, Ontario, San Bernardino County, California, 91762, United States",34.0633485,-117.658386
218,Theft,230100400,Pc 484(a),01/10/2023 05:17 PM,10xx N Milliken Av,Address,Ontario Police Department (Ca),"Milliken Avenue, Ontario, San Bernardino County, CAL Fire Southern Region, California, 91743, United States",34.0680311,-117.5581808
219,Motor Vehicle Theft,230100399,Vc 10851,01/10/2023 05:00 PM,9xx E Elma St,Address,Ontario Police Department (Ca),"Elma Street, Ontario, San Bernardino County, California, 91764, United States",34.0661574,-117.6342625
220,Theft,230100398,Pc 484(a),01/10/2023 03:34 PM,23xx S Grove Av,Address,Ontario Police Department (Ca),"2300, South Grove Avenue, Ontario, San Bernardino County, California, 91761, United States",34.03256669084937,-117.62855190106038
221,Theft,230100397,Pc 484(a),01/10/2023 03:34 PM,23xx S Grove Av,Address,Ontario Police Department (Ca),"2300, South Grove Avenue, Ontario, San Bernardino County, California, 91761, United States",34.03256669084937,-117.62855190106038
222,Theft,230100396,Pc 487,01/10/2023 03:34 PM,23xx S Grove Av,Address,Ontario Police Department (Ca),"2300, South Grove Avenue, Ontario, San Bernardino County, California, 91761, United States",34.03256669084937,-117.62855190106038
223,Theft,230100391,Pc 484(a),01/10/2023 02:05 PM,47xx E Mills,Address,Ontario Police Department (Ca),,,
224,Sexual Assault,230100393,Pc 288,01/10/2023 11:47 AM,4xx E Belmont St,Address,Ontario Police Department (Ca),"400, East Belmont Street, Ontario, San Bernardino County, California, 91761, United States",34.05138010297857,-117.64716612123105
225,Motor Vehicle Theft,230100386,Vc 10851,01/10/2023 11:17 AM,8xx N San Diego Av,Address,Ontario Police Department (Ca),"800, North San Diego Avenue, Ontario, San Bernardino County, California, 91764, United States",34.07301,-117.612114
226,Theft,230100380,Pc 487,01/10/2023 08:07 AM,35xx E Guasti Rd,Address,Ontario Police Department (Ca),"Guasti Road, Guasti, Ontario, San Bernardino County, California, 91743, United States",34.0646411,-117.5783044
227,Motor Vehicle Theft,230100379,Vc 10851,01/10/2023 07:40 AM,17xx E D St,Address,Ontario Police Department (Ca),,,
228,Burglary - Commercial,230100378,Pc 459c,01/10/2023 06:03 AM,25xx S Euclid Av,Address,Ontario Police Department (Ca),"South Euclid Avenue, Ontario, San Bernardino County, CAL Fire Southern Region, California, 91782, United States",34.0441401,-117.6507543
229,Sexual Assault,230100368,Pc 261,01/09/2023 04:53 PM,W D St/n Laurel Av,Address,Ontario Police Department (Ca),"West D Street, Ontario, San Bernardino County, California, 91762, United States",34.0669799,-117.6605391
230,Burglary - Commercial,230100360,Pc 459,01/09/2023 01:15 PM,8xx N Center Av,Address,Ontario Police Department (Ca),"Center Avenue, Ontario, San Bernardino County, California, 91743, United States",34.0720542,-117.5807648
231,Theft,230100362,Pc 487,01/09/2023 01:03 PM,5xx W Granada Ct,Address,Ontario Police Department (Ca),"500, West Granada Court, Ontario, San Bernardino County, California, 91762, United States",34.073447,-117.656114
232,Theft,230100355,Pc 487,01/09/2023 11:44 AM,X E Mills,Address,Ontario Police Department (Ca),"Ontario Mills Parkway, Ontario, San Bernardino County, CAL Fire Southern Region, California, 91743, United States",34.0700244,-117.5506358
233,Theft,230105009,Pc 487,01/09/2023 11:17 AM,37xx E Inland,Address,Ontario Police Department (Ca),"East Inland Empire Street, Ontario, San Bernardino County, California, 91743, United States",34.0703147,-117.6005039
234,Assault - Aggravated,230100357,Pc 273.5,01/09/2023 10:57 AM,6xx E Ralston St,Address,Ontario Police Department (Ca),"600, East Ralston Street, Ontario, San Bernardino County, California, 91761, United States",34.052462,-117.643548
235,Theft,230100353,Pc 487,01/09/2023 10:51 AM,36xx E Porsche Wy,Address,Ontario Police Department (Ca),,,
236,Burglary - Commercial,230100352,Pc 459,01/09/2023 10:24 AM,"N Haven Av, Ixx Eb Ofr At Haven Fwy",Address,Ontario Police Department (Ca),,,
237,Sexual Assault,230100345,Pc 288,01/09/2023 09:30 AM,25xx S Archibald Av,Address,Ontario Police Department (Ca),"2500, South Archibald Avenue, Creekside, Ontario, San Bernardino County, California, 91761, United States",34.02861275318123,-117.593305
238,Motor Vehicle Theft,230100348,Vc 10851,01/09/2023 09:14 AM,13xx E Holt,Address,Ontario Police Department (Ca),,,
239,Theft,230100341,Pc 487,01/09/2023 06:47 AM,22xx S Castle Harbour Pl,Address,Ontario Police Department (Ca),"Castle Harbour Place, Ontario, San Bernardino County, California, 91761, United States",34.0322441,-117.616693
